admin2Name_pt,admin2Pcode,admin2RefName,admin2AltName1_pt,admin2AltName2_pt,admin1Name_pt,admin1Pcode,admin0Name_en,admin0Name_pt,admin0Pcode,date,validOn,validTo
Alto Molocue,MZ1101,,,,Zambezia,MZ11,Mozambique,Moçambique,MZ,2019-04-02,2019-06-07,
Ancuabe,MZ0101,,,,Cabo Delgado,MZ01,Mozambique,Moçambique,MZ,2019-04-02,2019-06-07,
Angoche,MZ0701,,,,Nampula,MZ07,Mozambique,Moçambique,MZ,2019-04-02,2019-06-07,
Angonia,MZ1001,,,,Tete,MZ10,Mozambique,Moçambique,MZ,2019-04-02,2019-06-07,
Balama,MZ0102,,,,Cabo Delgado,MZ01,Mozambique,Moçambique,MZ,2019-04-02,2019-06-07,
Barue,MZ0401,,,,Manica,MZ04,Mozambique,Moçambique,MZ,2019-04-02,2019-06-07,
Bilene,MZ0201,,,,Gaza,MZ02,Mozambique,Moçambique,MZ,2019-04-02,2019-06-07,
Boane,MZ0501,,,,Maputo,MZ05,Mozambique,Moçambique,MZ,2019-04-02,2019-06-07,
Buzi,MZ0901,,,,Sofala,MZ09,Mozambique,Moçambique,MZ,2019-04-02,2019-06-07,
Cahora Bassa,MZ1002,,,,Tete,MZ10,Mozambique,Moçambique,MZ,2019-04-02,2019-06-07,
Caia,MZ0902,,,,Sofala,MZ09,Mozambique,Moçambique,MZ,2019-04-02,2019-06-07,
Changara,MZ1003,,,,Tete,MZ10,Mozambique,Moçambique,MZ,2019-04-02,2019-06-07,
Chemba,MZ0903,,,,Sofala,MZ09,Mozambique,Moçambique,MZ,2019-04-02,2019-06-07,
Cheringoma,MZ0904,,,,Sofala,MZ09,Mozambique,Moçambique,MZ,2019-04-02,2019-06-07,
Chibabava,MZ0905,,,,Sofala,MZ09,Mozambique,Moçambique,MZ,2019-04-02,2019-06-07,
Chibuto,MZ0202,,,,Gaza,MZ02,Mozambique,Moçambique,MZ,2019-04-02,2019-06-07,
Chicualacuala,MZ0203,,,,Gaza,MZ02,Mozambique,Moçambique,MZ,2019-04-02,2019-06-07,
Chifunde,MZ1004,,,,Tete,MZ10,Mozambique,Moçambique,MZ,2019-04-02,2019-06-07,
Chigubo,MZ0204,,,,Gaza,MZ02,Mozambique,Moçambique,MZ,2019-04-02,2019-06-07,
Chimbonila,MZ0801,,,,Niassa,MZ08,Mozambique,Moçambique,MZ,2019-04-02,2019-06-07,
Chinde,MZ1102,,,,Zambezia,MZ11,Mozambique,Moçambique,MZ,2019-04-02,2019-06-07,
Chiure,MZ0103,,,,Cabo Delgado,MZ01,Mozambique,Moçambique,MZ,2019-04-02,2019-06-07,
Chiuta,MZ1005,,,,Tete,MZ10,Mozambique,Moçambique,MZ,2019-04-02,2019-06-07,
Chokwe,MZ0205,,,,Gaza,MZ02,Mozambique,Moçambique,MZ,2019-04-02,2019-06-07,
Chongoene,MZ0206,,,,Gaza,MZ02,Mozambique,Moçambique,MZ,2019-04-02,2019-06-07,
Cidade Da Beira,MZ0906,,,,Sofala,MZ09,Mozambique,Moçambique,MZ,2019-04-02,2019-06-07,
Cidade Da Matola,MZ0502,,,,Maputo,MZ05,Mozambique,Moçambique,MZ,2019-04-02,2019-06-07,
Cidade De Chimoio,MZ0402,,,,Manica,MZ04,Mozambique,Moçambique,MZ,2019-04-02,2019-06-07,
Cidade De Inhambane,MZ0301,,,,Inhambane,MZ03,Mozambique,Moçambique,MZ,2019-04-02,2019-06-07,
Cidade De Lichinga,MZ0802,,,,Niassa,MZ08,Mozambique,Moçambique,MZ,2019-04-02,2019-06-07,
Cidade De Maputo,MZ0601,,,,Maputo City,MZ06,Mozambique,Moçambique,MZ,2019-04-02,2019-06-07,
Cidade De Nampula,MZ0702,,,,Nampula,MZ07,Mozambique,Moçambique,MZ,2019-04-02,2019-06-07,
Cidade De Pemba,MZ0104,,,,Cabo Delgado,MZ01,Mozambique,Moçambique,MZ,2019-04-02,2019-06-07,
Cidade De Quelimane,MZ1103,,,,Zambezia,MZ11,Mozambique,Moçambique,MZ,2019-04-02,2019-06-07,
Cidade De Tete,MZ1006,,,,Tete,MZ10,Mozambique,Moçambique,MZ,2019-04-02,2019-06-07,
Cidade De Xai-Xai,MZ0207,,,,Gaza,MZ02,Mozambique,Moçambique,MZ,2019-04-02,2019-06-07,
Cuamba,MZ0803,,,,Niassa,MZ08,Mozambique,Moçambique,MZ,2019-04-02,2019-06-07,
Derre,MZ1104,,,,Zambezia,MZ11,Mozambique,Moçambique,MZ,2019-04-02,2019-06-07,
Doa,MZ1007,,,,Tete,MZ10,Mozambique,Moçambique,MZ,2019-04-02,2019-06-07,
Dondo,MZ0907,,,,Sofala,MZ09,Mozambique,Moçambique,MZ,2019-04-02,2019-06-07,
Erati,MZ0703,,,,Nampula,MZ07,Mozambique,Moçambique,MZ,2019-04-02,2019-06-07,
Funhalouro,MZ0302,,,,Inhambane,MZ03,Mozambique,Moçambique,MZ,2019-04-02,2019-06-07,
Gile,MZ1105,,,,Zambezia,MZ11,Mozambique,Moçambique,MZ,2019-04-02,2019-06-07,
Gondola,MZ0403,,,,Manica,MZ04,Mozambique,Moçambique,MZ,2019-04-02,2019-06-07,
Gorongosa,MZ0908,,,,Sofala,MZ09,Mozambique,Moçambique,MZ,2019-04-02,2019-06-07,
Govuro,MZ0303,,,,Inhambane,MZ03,Mozambique,Moçambique,MZ,2019-04-02,2019-06-07,
Guija,MZ0208,,,,Gaza,MZ02,Mozambique,Moçambique,MZ,2019-04-02,2019-06-07,
Guro,MZ0404,,,,Manica,MZ04,Mozambique,Moçambique,MZ,2019-04-02,2019-06-07,
Gurue,MZ1106,,,,Zambezia,MZ11,Mozambique,Moçambique,MZ,2019-04-02,2019-06-07,
Homoine,MZ0304,,,,Inhambane,MZ03,Mozambique,Moçambique,MZ,2019-04-02,2019-06-07,
Ibo,MZ0105,,,,Cabo Delgado,MZ01,Mozambique,Moçambique,MZ,2019-04-02,2019-06-07,
Ile,MZ1107,,,,Zambezia,MZ11,Mozambique,Moçambique,MZ,2019-04-02,2019-06-07,
Ilha De Moçambique,MZ0704,Ilha De Mocambique,,,Nampula,MZ07,Mozambique,Moçambique,MZ,2019-04-02,2019-06-07,
Ilha Licom,MZ0804,,,,Niassa,MZ08,Mozambique,Moçambique,MZ,2019-04-02,2019-06-07,
Ilha Risunodo,MZ0805,,,,Niassa,MZ08,Mozambique,Moçambique,MZ,2019-04-02,2019-06-07,
Inharrime,MZ0305,,,,Inhambane,MZ03,Mozambique,Moçambique,MZ,2019-04-02,2019-06-07,
Inhassoro,MZ0306,,,,Inhambane,MZ03,Mozambique,Moçambique,MZ,2019-04-02,2019-06-07,
Inhassunge,MZ1108,,,,Zambezia,MZ11,Mozambique,Moçambique,MZ,2019-04-02,2019-06-07,
Jangamo,MZ0307,,,,Inhambane,MZ03,Mozambique,Moçambique,MZ,2019-04-02,2019-06-07,
Lago,MZ0806,,,,Niassa,MZ08,Mozambique,Moçambique,MZ,2019-04-02,2019-06-07,
Lago Niassa,MZ0807,,,,Niassa,MZ08,Mozambique,Moçambique,MZ,2019-04-02,2019-06-07,
Lalaua,MZ0705,,,,Nampula,MZ07,Mozambique,Moçambique,MZ,2019-04-02,2019-06-07,
Larde,MZ0706,,,,Nampula,MZ07,Mozambique,Moçambique,MZ,2019-04-02,2019-06-07,
Limpopo,MZ0209,,,,Gaza,MZ02,Mozambique,Moçambique,MZ,2019-04-02,2019-06-07,
Liúpo,MZ0707,Liupo,,,Nampula,MZ07,Mozambique,Moçambique,MZ,2019-04-02,2019-06-07,
Luabo,MZ1109,,,,Zambezia,MZ11,Mozambique,Moçambique,MZ,2019-04-02,2019-06-07,
Lugela,MZ1110,,,,Zambezia,MZ11,Mozambique,Moçambique,MZ,2019-04-02,2019-06-07,
Mabalane,MZ0210,,,,Gaza,MZ02,Mozambique,Moçambique,MZ,2019-04-02,2019-06-07,
Mabote,MZ0308,,,,Inhambane,MZ03,Mozambique,Moçambique,MZ,2019-04-02,2019-06-07,
Macanga,MZ1008,,,,Tete,MZ10,Mozambique,Moçambique,MZ,2019-04-02,2019-06-07,
Macate,MZ0405,,,,Manica,MZ04,Mozambique,Moçambique,MZ,2019-04-02,2019-06-07,
Machanga,MZ0909,,,,Sofala,MZ09,Mozambique,Moçambique,MZ,2019-04-02,2019-06-07,
Machaze,MZ0406,,,,Manica,MZ04,Mozambique,Moçambique,MZ,2019-04-02,2019-06-07,
Macomia,MZ0106,,,,Cabo Delgado,MZ01,Mozambique,Moçambique,MZ,2019-04-02,2019-06-07,
Macossa,MZ0407,,,,Manica,MZ04,Mozambique,Moçambique,MZ,2019-04-02,2019-06-07,
Maganja Da Costa,MZ1111,,,,Zambezia,MZ11,Mozambique,Moçambique,MZ,2019-04-02,2019-06-07,
Magoe,MZ1009,,,,Tete,MZ10,Mozambique,Moçambique,MZ,2019-04-02,2019-06-07,
Magude,MZ0503,,,,Maputo,MZ05,Mozambique,Moçambique,MZ,2019-04-02,2019-06-07,
Majune,MZ0808,,,,Niassa,MZ08,Mozambique,Moçambique,MZ,2019-04-02,2019-06-07,
Malema,MZ0708,,,,Nampula,MZ07,Mozambique,Moçambique,MZ,2019-04-02,2019-06-07,
Mandimba,MZ0809,,,,Niassa,MZ08,Mozambique,Moçambique,MZ,2019-04-02,2019-06-07,
Mandlakaze,MZ0211,,,,Gaza,MZ02,Mozambique,Moçambique,MZ,2019-04-02,2019-06-07,
Manhiça,MZ0504,Manhica,,,Maputo,MZ05,Mozambique,Moçambique,MZ,2019-04-02,2019-06-07,
Manica,MZ0408,,,,Manica,MZ04,Mozambique,Moçambique,MZ,2019-04-02,2019-06-07,
Mapai,MZ0212,,,,Gaza,MZ02,Mozambique,Moçambique,MZ,2019-04-02,2019-06-07,
Maquival,MZ1112,,,,Zambezia,MZ11,Mozambique,Moçambique,MZ,2019-04-02,2019-06-07,
Marara,MZ1010,,,,Tete,MZ10,Mozambique,Moçambique,MZ,2019-04-02,2019-06-07,
Maravia,MZ1011,,,,Tete,MZ10,Mozambique,Moçambique,MZ,2019-04-02,2019-06-07,
Maringue,MZ0910,,,,Sofala,MZ09,Mozambique,Moçambique,MZ,2019-04-02,2019-06-07,
Marracuene,MZ0505,,,,Maputo,MZ05,Mozambique,Moçambique,MZ,2019-04-02,2019-06-07,
Marromeu,MZ0911,,,,Sofala,MZ09,Mozambique,Moçambique,MZ,2019-04-02,2019-06-07,
Marrupa,MZ0810,,,,Niassa,MZ08,Mozambique,Moçambique,MZ,2019-04-02,2019-06-07,
Massangena,MZ0213,,,,Gaza,MZ02,Mozambique,Moçambique,MZ,2019-04-02,2019-06-07,
Massinga,MZ0309,,,,Inhambane,MZ03,Mozambique,Moçambique,MZ,2019-04-02,2019-06-07,
Massingir,MZ0214,,,,Gaza,MZ02,Mozambique,Moçambique,MZ,2019-04-02,2019-06-07,
Matutuine,MZ0506,,,,Maputo,MZ05,Mozambique,Moçambique,MZ,2019-04-02,2019-06-07,
Maua,MZ0811,,,,Niassa,MZ08,Mozambique,Moçambique,MZ,2019-04-02,2019-06-07,
Mavago,MZ0812,,,,Niassa,MZ08,Mozambique,Moçambique,MZ,2019-04-02,2019-06-07,
Maxixe,MZ0310,,,,Inhambane,MZ03,Mozambique,Moçambique,MZ,2019-04-02,2019-06-07,
Mecanhelas,MZ0813,,,,Niassa,MZ08,Mozambique,Moçambique,MZ,2019-04-02,2019-06-07,
Meconta,MZ0709,,,,Nampula,MZ07,Mozambique,Moçambique,MZ,2019-04-02,2019-06-07,
Mecuburi,MZ0710,,,,Nampula,MZ07,Mozambique,Moçambique,MZ,2019-04-02,2019-06-07,
Mecufi,MZ0107,,,,Cabo Delgado,MZ01,Mozambique,Moçambique,MZ,2019-04-02,2019-06-07,
Mecula,MZ0814,,,,Niassa,MZ08,Mozambique,Moçambique,MZ,2019-04-02,2019-06-07,
Meluco,MZ0108,,,,Cabo Delgado,MZ01,Mozambique,Moçambique,MZ,2019-04-02,2019-06-07,
Memba,MZ0711,,,,Nampula,MZ07,Mozambique,Moçambique,MZ,2019-04-02,2019-06-07,
Metarica,MZ0815,,,,Niassa,MZ08,Mozambique,Moçambique,MZ,2019-04-02,2019-06-07,
Metuge,MZ0109,,,,Cabo Delgado,MZ01,Mozambique,Moçambique,MZ,2019-04-02,2019-06-07,
Milange,MZ1113,,,,Zambezia,MZ11,Mozambique,Moçambique,MZ,2019-04-02,2019-06-07,
Moamba,MZ0507,,,,Maputo,MZ05,Mozambique,Moçambique,MZ,2019-04-02,2019-06-07,
Moatize,MZ1012,,,,Tete,MZ10,Mozambique,Moçambique,MZ,2019-04-02,2019-06-07,
Mocimboa Da Praia,MZ0110,,,,Cabo Delgado,MZ01,Mozambique,Moçambique,MZ,2019-04-02,2019-06-07,
Mocuba,MZ1114,,,,Zambezia,MZ11,Mozambique,Moçambique,MZ,2019-04-02,2019-06-07,
Mocubela,MZ1115,,,,Zambezia,MZ11,Mozambique,Moçambique,MZ,2019-04-02,2019-06-07,
Mogincual,MZ0712,,,,Nampula,MZ07,Mozambique,Moçambique,MZ,2019-04-02,2019-06-07,
Mogovolas,MZ0713,,,,Nampula,MZ07,Mozambique,Moçambique,MZ,2019-04-02,2019-06-07,
Molumbo,MZ1116,,,,Zambezia,MZ11,Mozambique,Moçambique,MZ,2019-04-02,2019-06-07,
Moma,MZ0714,,,,Nampula,MZ07,Mozambique,Moçambique,MZ,2019-04-02,2019-06-07,
Monapo,MZ0715,,,,Nampula,MZ07,Mozambique,Moçambique,MZ,2019-04-02,2019-06-07,
Montepuez,MZ0111,,,,Cabo Delgado,MZ01,Mozambique,Moçambique,MZ,2019-04-02,2019-06-07,
Mopeia,MZ1117,,,,Zambezia,MZ11,Mozambique,Moçambique,MZ,2019-04-02,2019-06-07,
Morrumbala,MZ1118,,,,Zambezia,MZ11,Mozambique,Moçambique,MZ,2019-04-02,2019-06-07,
Morrumbene,MZ0311,,,,Inhambane,MZ03,Mozambique,Moçambique,MZ,2019-04-02,2019-06-07,
Mossuril,MZ0716,,,,Nampula,MZ07,Mozambique,Moçambique,MZ,2019-04-02,2019-06-07,
Mossurize,MZ0409,,,,Manica,MZ04,Mozambique,Moçambique,MZ,2019-04-02,2019-06-07,
Muanza,MZ0912,,,,Sofala,MZ09,Mozambique,Moçambique,MZ,2019-04-02,2019-06-07,
Muecate,MZ0717,,,,Nampula,MZ07,Mozambique,Moçambique,MZ,2019-04-02,2019-06-07,
Mueda,MZ0112,,,,Cabo Delgado,MZ01,Mozambique,Moçambique,MZ,2019-04-02,2019-06-07,
Muembe,MZ0816,,,,Niassa,MZ08,Mozambique,Moçambique,MZ,2019-04-02,2019-06-07,
Muidumbe,MZ0113,,,,Cabo Delgado,MZ01,Mozambique,Moçambique,MZ,2019-04-02,2019-06-07,
Mulevala,MZ1119,,,,Zambezia,MZ11,Mozambique,Moçambique,MZ,2019-04-02,2019-06-07,
Murrupula,MZ0718,,,,Nampula,MZ07,Mozambique,Moçambique,MZ,2019-04-02,2019-06-07,
Mutarara,MZ1013,,,,Tete,MZ10,Mozambique,Moçambique,MZ,2019-04-02,2019-06-07,
Nacala,MZ0719,,,,Nampula,MZ07,Mozambique,Moçambique,MZ,2019-04-02,2019-06-07,
Nacala-A-Velha,MZ0720,,,,Nampula,MZ07,Mozambique,Moçambique,MZ,2019-04-02,2019-06-07,
Nacaroa,MZ0721,,,,Nampula,MZ07,Mozambique,Moçambique,MZ,2019-04-02,2019-06-07,
Namaacha,MZ0508,,,,Maputo,MZ05,Mozambique,Moçambique,MZ,2019-04-02,2019-06-07,
Namacurra,MZ1120,,,,Zambezia,MZ11,Mozambique,Moçambique,MZ,2019-04-02,2019-06-07,
Namarroi,MZ1121,,,,Zambezia,MZ11,Mozambique,Moçambique,MZ,2019-04-02,2019-06-07,
Namuno,MZ0114,,,,Cabo Delgado,MZ01,Mozambique,Moçambique,MZ,2019-04-02,2019-06-07,
Nangade,MZ0115,,,,Cabo Delgado,MZ01,Mozambique,Moçambique,MZ,2019-04-02,2019-06-07,
Ngauma,MZ0817,,,,Niassa,MZ08,Mozambique,Moçambique,MZ,2019-04-02,2019-06-07,
Nhamatanda,MZ0913,,,,Sofala,MZ09,Mozambique,Moçambique,MZ,2019-04-02,2019-06-07,
Nicoadala,MZ1122,,,,Zambezia,MZ11,Mozambique,Moçambique,MZ,2019-04-02,2019-06-07,
Nipepe,MZ0818,,,,Niassa,MZ08,Mozambique,Moçambique,MZ,2019-04-02,2019-06-07,
Palma,MZ0116,,,,Cabo Delgado,MZ01,Mozambique,Moçambique,MZ,2019-04-02,2019-06-07,
Panda,MZ0312,,,,Inhambane,MZ03,Mozambique,Moçambique,MZ,2019-04-02,2019-06-07,
Pebane,MZ1123,,,,Zambezia,MZ11,Mozambique,Moçambique,MZ,2019-04-02,2019-06-07,
Quissanga,MZ0118,,,,Cabo Delgado,MZ01,Mozambique,Moçambique,MZ,2019-04-02,2019-06-07,
Rapale,MZ0722,,,,Nampula,MZ07,Mozambique,Moçambique,MZ,2019-04-02,2019-06-07,
Ribaue,MZ0723,,,,Nampula,MZ07,Mozambique,Moçambique,MZ,2019-04-02,2019-06-07,
Sanga,MZ0819,,,,Niassa,MZ08,Mozambique,Moçambique,MZ,2019-04-02,2019-06-07,
Sussundenga,MZ0410,,,,Manica,MZ04,Mozambique,Moçambique,MZ,2019-04-02,2019-06-07,
Tambara,MZ0411,,,,Manica,MZ04,Mozambique,Moçambique,MZ,2019-04-02,2019-06-07,
Tsangano,MZ1014,,,,Tete,MZ10,Mozambique,Moçambique,MZ,2019-04-02,2019-06-07,
Vanduzi,MZ0412,,,,Manica,MZ04,Mozambique,Moçambique,MZ,2019-04-02,2019-06-07,
Vilankulo,MZ0313,,,,Inhambane,MZ03,Mozambique,Moçambique,MZ,2019-04-02,2019-06-07,
Zavala,MZ0314,,,,Inhambane,MZ03,Mozambique,Moçambique,MZ,2019-04-02,2019-06-07,
Zumbu,MZ1015,,,,Tete,MZ10,Mozambique,Moçambique,MZ,2019-04-02,2019-06-07,
